Store_Name,Category,Store_Bestsellers_ratio
PH07,coats,0.07017543859649122
PH07,jackets,0.04597701149425287
PH07,jeans_jacket,0.13333333333333333
PH07,jeans_shorts,0.2018348623853211
PH07,jeans_trousers,0.11472868217054263
PH07,jogging_tops,0.09878682842287695
PH07,outer_jackets,0.12065439672801637
PH07,polar_fleecy,0.037037037037037035
PH07,polos,0.17763157894736842
PH07,shirts_l_s,0.06716417910447761
PH07,shirts_s_s,0.29775280898876405
PH07,shorts,0.1111111111111111
PH07,shorts_knitted,0.28174603174603174
PH07,sweaters,0.14173228346456693
PH07,t-shirts_l_s,0.06451612903225806
PH07,t-shirts_s_s,0.2581335616438356
PH07,t-shirts_s_s_lic,0.3674321503131524
PH07,trousers,0.14175257731958762
PH07,trousers_knitted,0.16901408450704225
PH09,coats,0.18518518518518517
PH09,jackets,0.017543859649122806
PH09,jeans_jacket,0.09090909090909091
PH09,jeans_shorts,0.11267605633802817
PH09,jeans_trousers,0.11823647294589178
PH09,jogging_tops,0.09072164948453608
PH09,outer_jackets,0.13333333333333333
PH09,polar_fleecy,0.2
PH09,polos,0.20279720279720279
PH09,shirts_l_s,0.036
PH09,shirts_s_s,0.18518518518518517
PH09,shorts,0.09486166007905138
PH09,shorts_knitted,0.2304147465437788
PH09,sweaters,0.11695906432748537
PH09,t-shirts_l_s,0.056910569105691054
PH09,t-shirts_s_s,0.1682335477486393
PH09,t-shirts_s_s_lic,0.21551724137931033
PH09,trousers,0.09868421052631579
PH09,trousers_knitted,0.14516129032258066
PH10,coats,0.0
PH10,jackets,0.041666666666666664
PH10,jeans_jacket,0.25
PH10,jeans_shorts,0.15196078431372548
PH10,jeans_trousers,0.14538310412573674
PH10,jogging_tops,0.17210944395410416
PH10,outer_jackets,0.15347721822541965
PH10,polar_fleecy,0.0
PH10,polos,0.1111111111111111
PH10,shirts_l_s,0.0972972972972973
PH10,shirts_s_s,0.2833333333333333
PH10,shorts,0.14736842105263157
PH10,shorts_knitted,0.23868312757201646
PH10,sweaters,0.22807017543859648
PH10,t-shirts_l_s,0.088
PH10,t-shirts_s_s,0.28273413226808697
PH10,t-shirts_s_s_lic,0.4059633027522936
PH10,trousers,0.11149825783972125
PH10,trousers_knitted,0.22043010752688172
PH11,coats,0.22916666666666666
PH11,jackets,0.0
PH11,jeans_jacket,0.06060606060606061
PH11,jeans_shorts,0.23529411764705882
PH11,jeans_trousers,0.17033773861967694
PH11,jogging_tops,0.1181026137463698
PH11,outer_jackets,0.11778846153846154
PH11,polar_fleecy,0.2
PH11,polos,0.24550898203592814
PH11,shirts_l_s,0.14814814814814814
PH11,shirts_s_s,0.3076923076923077
PH11,shorts,0.14144736842105263
PH11,shorts_knitted,0.3333333333333333
PH11,sweaters,0.1696969696969697
PH11,t-shirts_l_s,0.06306306306306306
PH11,t-shirts_s_s,0.31469440832249673
PH11,t-shirts_s_s_lic,0.4218106995884774
PH11,trousers,0.1744186046511628
PH11,trousers_knitted,0.09941520467836257
PH12,coats,0.16666666666666666
PH12,jackets,0.0
PH12,jeans_shorts,0.1
PH12,jeans_trousers,0.06666666666666667
PH12,jogging_tops,0.049707602339181284
PH12,outer_jackets,0.15079365079365079
PH12,polar_fleecy,0.0
PH12,polos,0.0
PH12,shirts_l_s,0.06060606060606061
PH12,shirts_s_s,0.0
PH12,shorts,0.06666666666666667
PH12,shorts_knitted,0.5
PH12,sweaters,0.08
PH12,t-shirts_l_s,0.0
PH12,t-shirts_s_s,0.14754098360655737
PH12,t-shirts_s_s_lic,0.18421052631578946
PH12,trousers,0.11428571428571428
PH12,trousers_knitted,0.07017543859649122
PH13,coats,0.16666666666666666
PH13,jackets,0.03508771929824561
PH13,jeans_jacket,0.125
PH13,jeans_shorts,0.1711229946524064
PH13,jeans_trousers,0.15736040609137056
PH13,jogging_tops,0.0882051282051282
PH13,outer_jackets,0.20474137931034483
PH13,polar_fleecy,0.3333333333333333
PH13,polos,0.16541353383458646
PH13,shirts_l_s,0.21484375
PH13,shirts_s_s,0.26881720430107525
PH13,shorts,0.09191176470588236
PH13,shorts_knitted,0.32275132275132273
PH13,sweaters,0.16
PH13,t-shirts_l_s,0.044444444444444446
PH13,t-shirts_s_s,0.1925498426023085
PH13,t-shirts_s_s_lic,0.2689075630252101
PH13,trousers,0.11636363636363636
PH13,trousers_knitted,0.12222222222222222
PH14,coats,0.22807017543859648
PH14,jackets,0.034482758620689655
PH14,jeans_jacket,0.09523809523809523
PH14,jeans_shorts,0.16015625
PH14,jeans_trousers,0.1986842105263158
PH14,jogging_tops,0.09162995594713656
PH14,outer_jackets,0.13464991023339318
PH14,polar_fleecy,0.037037037037037035
PH14,polos,0.32967032967032966
PH14,shirts_l_s,0.13513513513513514
PH14,shirts_s_s,0.2972972972972973
PH14,shorts,0.14878892733564014
PH14,shorts_knitted,0.3654618473895582
PH14,sweaters,0.07142857142857142
PH14,t-shirts_l_s,0.11392405063291139
PH14,t-shirts_s_s,0.23875278396436525
PH14,t-shirts_s_s_lic,0.13753581661891118
PH14,trousers,0.13636363636363635
PH14,trousers_knitted,0.15040650406504066
PH15,coats,0.17647058823529413
PH15,jackets,0.0
PH15,jeans_jacket,0.07407407407407407
PH15,jeans_shorts,0.12631578947368421
PH15,jeans_trousers,0.13680781758957655
PH15,jogging_tops,0.08945386064030132
PH15,outer_jackets,0.13729508196721313
PH15,polar_fleecy,0.25
PH15,polos,0.2054794520547945
PH15,shirts_l_s,0.07692307692307693
PH15,shirts_s_s,0.22826086956521738
PH15,shorts,0.06837606837606838
PH15,shorts_knitted,0.17857142857142858
PH15,sweaters,0.12169312169312169
PH15,t-shirts_l_s,0.05714285714285714
PH15,t-shirts_s_s,0.16533466533466534
PH15,t-shirts_s_s_lic,0.23723723723723725
PH15,trousers,0.09482758620689655
PH15,trousers_knitted,0.13333333333333333
PH16,coats,0.12280701754385964
PH16,jackets,0.0392156862745098
PH16,jeans_jacket,0.06818181818181818
PH16,jeans_shorts,0.15476190476190477
PH16,jeans_trousers,0.10488505747126436
PH16,jogging_tops,0.07556675062972293
PH16,outer_jackets,0.09464285714285714
PH16,polar_fleecy,0.037037037037037035
PH16,polos,0.3542600896860987
PH16,shirts_l_s,0.1864864864864865
PH16,shirts_s_s,0.23387096774193547
PH16,shorts,0.14367816091954022
PH16,shorts_knitted,0.3655913978494624
PH16,sweaters,0.08914728682170543
PH16,t-shirts_l_s,0.06666666666666667
PH16,t-shirts_s_s,0.24534546959040132
PH16,t-shirts_s_s_lic,0.18876404494382024
PH16,trousers,0.082039911308204
PH16,trousers_knitted,0.20717131474103587
PH17,coats,0.49019607843137253
PH17,jackets,0.13675213675213677
PH17,jeans_jacket,0.17647058823529413
PH17,jeans_shorts,0.2226148409893993
PH17,jeans_trousers,0.20262869660460023
PH17,jogging_tops,0.20801815431164902
PH17,outer_jackets,0.28225806451612906
PH17,polar_fleecy,0.13333333333333333
PH17,polos,0.2403846153846154
PH17,shirts_l_s,0.22972972972972974
PH17,shirts_s_s,0.42745098039215684
PH17,shorts,0.16486486486486487
PH17,shorts_knitted,0.2842809364548495
PH17,sweaters,0.18855218855218855
PH17,t-shirts_l_s,0.2784090909090909
PH17,t-shirts_s_s,0.3936651583710407
PH17,t-shirts_s_s_lic,0.47794117647058826
PH17,trousers,0.23170731707317074
PH17,trousers_knitted,0.20689655172413793
PH18,coats,0.08771929824561403
PH18,jackets,0.08823529411764706
PH18,jeans_jacket,0.16666666666666666
PH18,jeans_shorts,0.1511111111111111
PH18,jeans_trousers,0.17255434782608695
PH18,jogging_tops,0.13945578231292516
PH18,outer_jackets,0.1864406779661017
PH18,polar_fleecy,0.18181818181818182
PH18,polos,0.1952662721893491
PH18,shirts_l_s,0.23097826086956522
PH18,shirts_s_s,0.2832618025751073
PH18,shorts,0.10543130990415335
PH18,shorts_knitted,0.2931726907630522
PH18,sweaters,0.11721611721611722
PH18,t-shirts_l_s,0.09027777777777778
PH18,t-shirts_s_s,0.18356164383561643
PH18,t-shirts_s_s_lic,0.3142857142857143
PH18,trousers,0.16129032258064516
PH18,trousers_knitted,0.18859649122807018
PH20,coats,0.0625
PH20,jackets,0.0
PH20,jeans_jacket,0.0
PH20,jeans_shorts,0.036231884057971016
PH20,jeans_trousers,0.059006211180124224
PH20,jogging_tops,0.042105263157894736
PH20,outer_jackets,0.09876543209876543
PH20,polar_fleecy,0.0
PH20,polos,0.27586206896551724
PH20,shirts_l_s,0.06930693069306931
PH20,shirts_s_s,0.1640625
PH20,shorts,0.055
PH20,shorts_knitted,0.1506849315068493
PH20,sweaters,0.05982905982905983
PH20,t-shirts_l_s,0.08045977011494253
PH20,t-shirts_s_s,0.08075709779179811
PH20,t-shirts_s_s_lic,0.11917098445595854
PH20,trousers,0.07659574468085106
PH20,trousers_knitted,0.08163265306122448
PH21,coats,0.14035087719298245
PH21,jackets,0.03125
PH21,jeans_jacket,0.08333333333333333
PH21,jeans_shorts,0.11627906976744186
PH21,jeans_trousers,0.20050761421319796
PH21,jogging_tops,0.10095735422106179
PH21,outer_jackets,0.14464285714285716
PH21,polar_fleecy,0.14285714285714285
PH21,polos,0.14705882352941177
PH21,shirts_l_s,0.14661654135338345
PH21,shirts_s_s,0.2304147465437788
PH21,shorts,0.08846153846153847
PH21,shorts_knitted,0.32142857142857145
PH21,sweaters,0.036458333333333336
PH21,t-shirts_l_s,0.04861111111111111
PH21,t-shirts_s_s,0.1950536630891274
PH21,t-shirts_s_s_lic,0.2540106951871658
PH21,trousers,0.10103626943005181
PH21,trousers_knitted,0.16
PH22,coats,0.22807017543859648
PH22,jackets,0.049019607843137254
PH22,jeans_jacket,0.10256410256410256
PH22,jeans_shorts,0.17216117216117216
PH22,jeans_trousers,0.15337423312883436
PH22,jogging_tops,0.1393239901071723
PH22,outer_jackets,0.12777777777777777
PH22,polar_fleecy,0.030303030303030304
PH22,polos,0.3076923076923077
PH22,shirts_l_s,0.11384615384615385
PH22,shirts_s_s,0.24444444444444444
PH22,shorts,0.15451895043731778
PH22,shorts_knitted,0.2980392156862745
PH22,sweaters,0.11851851851851852
PH22,t-shirts_l_s,0.09868421052631579
PH22,t-shirts_s_s,0.2595097210481826
PH22,t-shirts_s_s_lic,0.3834296724470135
PH22,trousers,0.1597222222222222
PH22,trousers_knitted,0.16176470588235295
PH25,coats,0.16666666666666666
PH25,jackets,0.0
PH25,jeans_jacket,0.0
PH25,jeans_shorts,0.00980392156862745
PH25,jeans_trousers,0.08421052631578947
PH25,jogging_tops,0.04741980474198047
PH25,outer_jackets,0.07272727272727272
PH25,polar_fleecy,0.0
PH25,polos,0.1267605633802817
PH25,shirts_l_s,0.07894736842105263
PH25,shirts_s_s,0.047619047619047616
PH25,shorts,0.024390243902439025
PH25,shorts_knitted,0.16666666666666666
PH25,sweaters,0.09401709401709402
PH25,t-shirts_l_s,0.1111111111111111
PH25,t-shirts_s_s,0.06605762473647224
PH25,t-shirts_s_s_lic,0.11224489795918367
PH25,trousers,0.03398058252427184
PH25,trousers_knitted,0.022727272727272728
PH26,coats,0.12962962962962962
PH26,jackets,0.030303030303030304
PH26,jeans_jacket,0.2916666666666667
PH26,jeans_shorts,0.13636363636363635
PH26,jeans_trousers,0.13774597495527727
PH26,jogging_tops,0.05803571428571429
PH26,outer_jackets,0.1223021582733813
PH26,polar_fleecy,0.0
PH26,polos,0.1559633027522936
PH26,shirts_l_s,0.06177606177606178
PH26,shirts_s_s,0.07368421052631578
PH26,shorts,0.03286384976525822
PH26,shorts_knitted,0.16233766233766234
PH26,sweaters,0.10526315789473684
PH26,t-shirts_l_s,0.05303030303030303
PH26,t-shirts_s_s,0.11385853939045429
PH26,t-shirts_s_s_lic,0.13382899628252787
PH26,trousers,0.09846153846153846
PH26,trousers_knitted,0.109375
PH27,coats,0.125
PH27,jackets,0.125
PH27,jeans_jacket,0.037037037037037035
PH27,jeans_shorts,0.1346153846153846
PH27,jeans_trousers,0.13644859813084112
PH27,jogging_tops,0.11182795698924732
PH27,outer_jackets,0.09975062344139651
PH27,polar_fleecy,0.0
PH27,polos,0.16470588235294117
PH27,shirts_l_s,0.07169811320754717
PH27,shirts_s_s,0.11458333333333333
PH27,shorts,0.05641025641025641
PH27,shorts_knitted,0.17073170731707318
PH27,sweaters,0.0625
PH27,t-shirts_l_s,0.12037037037037036
PH27,t-shirts_s_s,0.12319711538461539
PH27,t-shirts_s_s_lic,0.17959183673469387
PH27,trousers,0.1299638989169675
PH27,trousers_knitted,0.17647058823529413
PH28,coats,0.2777777777777778
PH28,jackets,0.14814814814814814
PH28,jeans_jacket,0.3125
PH28,jeans_shorts,0.3381294964028777
PH28,jeans_trousers,0.2593192868719611
PH28,jogging_tops,0.2919621749408983
PH28,outer_jackets,0.1731266149870801
PH28,polar_fleecy,0.3333333333333333
PH28,polos,0.3563218390804598
PH28,shirts_l_s,0.19138755980861244
PH28,shirts_s_s,0.6064814814814815
PH28,shorts,0.24187725631768953
PH28,shorts_knitted,0.3540856031128405
PH28,sweaters,0.3584905660377358
PH28,t-shirts_l_s,0.27102803738317754
PH28,t-shirts_s_s,0.4674185463659148
PH28,t-shirts_s_s_lic,0.5522682445759369
PH28,trousers,0.24169184290030213
PH28,trousers_knitted,0.30526315789473685
PH29,coats,0.1111111111111111
PH29,jackets,0.037037037037037035
PH29,jeans_jacket,0.0
PH29,jeans_shorts,0.11801242236024845
PH29,jeans_trousers,0.04892966360856269
PH29,jogging_tops,0.03350970017636684
PH29,outer_jackets,0.03333333333333333
PH29,polos,0.12
PH29,shirts_l_s,0.03597122302158273
PH29,shirts_s_s,0.11009174311926606
PH29,shorts,0.07608695652173914
PH29,shorts_knitted,0.13496932515337423
PH29,sweaters,0.0
PH29,t-shirts_l_s,0.03508771929824561
PH29,t-shirts_s_s,0.13917525773195877
PH29,t-shirts_s_s_lic,0.1890547263681592
PH29,trousers,0.044444444444444446
PH29,trousers_knitted,0.0196078431372549
PH32,coats,0.058823529411764705
PH32,jackets,0.0707070707070707
PH32,jeans_jacket,0.10256410256410256
PH32,jeans_shorts,0.199203187250996
PH32,jeans_trousers,0.17113095238095238
PH32,jogging_tops,0.14788732394366197
PH32,outer_jackets,0.15653775322283608
PH32,polar_fleecy,0.14285714285714285
PH32,polos,0.2976190476190476
PH32,shirts_l_s,0.1464968152866242
PH32,shirts_s_s,0.30049261083743845
PH32,shorts,0.12903225806451613
PH32,shorts_knitted,0.337037037037037
PH32,sweaters,0.15555555555555556
PH32,t-shirts_l_s,0.06040268456375839
PH32,t-shirts_s_s,0.2546108861898336
PH32,t-shirts_s_s_lic,0.31094527363184077
PH32,trousers,0.15647921760391198
PH32,trousers_knitted,0.2571428571428571
PH33,coats,0.08333333333333333
PH33,jackets,0.03333333333333333
PH33,jeans_jacket,0.1111111111111111
PH33,jeans_shorts,0.1324200913242009
PH33,jeans_trousers,0.11586452762923351
PH33,jogging_tops,0.06168831168831169
PH33,outer_jackets,0.11655011655011654
PH33,polar_fleecy,0.25
PH33,polos,0.16793893129770993
PH33,shirts_l_s,0.09865470852017937
PH33,shirts_s_s,0.27807486631016043
PH33,shorts,0.0796812749003984
PH33,shorts_knitted,0.26991150442477874
PH33,sweaters,0.11627906976744186
PH33,t-shirts_l_s,0.016666666666666666
PH33,t-shirts_s_s,0.19734251968503938
PH33,t-shirts_s_s_lic,0.2442528735632184
PH33,trousers,0.07911392405063292
PH33,trousers_knitted,0.1
PH36,coats,0.0196078431372549
PH36,jackets,0.09803921568627451
PH36,jeans_jacket,0.2777777777777778
PH36,jeans_shorts,0.15135135135135136
PH36,jeans_trousers,0.16161616161616163
PH36,jogging_tops,0.0962877030162413
PH36,outer_jackets,0.12106537530266344
PH36,polar_fleecy,0.0
PH36,polos,0.047619047619047616
PH36,shirts_l_s,0.08056872037914692
PH36,shirts_s_s,0.05785123966942149
PH36,shorts,0.05741626794258373
PH36,shorts_knitted,0.23316062176165803
PH36,sweaters,0.007575757575757576
PH36,t-shirts_l_s,0.16363636363636364
PH36,t-shirts_s_s,0.16772554002541296
PH36,t-shirts_s_s_lic,0.13370473537604458
PH36,trousers,0.10894941634241245
PH36,trousers_knitted,0.14102564102564102
PH37,coats,0.0
PH37,jackets,0.043478260869565216
PH37,jeans_jacket,0.08333333333333333
PH37,jeans_shorts,0.11330049261083744
PH37,jeans_trousers,0.15774647887323945
PH37,jogging_tops,0.06679035250463822
PH37,outer_jackets,0.11067193675889328
PH37,polos,0.11764705882352941
PH37,shirts_l_s,0.17647058823529413
PH37,shirts_s_s,0.21138211382113822
PH37,shorts,0.13679245283018868
PH37,shorts_knitted,0.3105263157894737
PH37,sweaters,0.11267605633802817
PH37,t-shirts_l_s,0.0625
PH37,t-shirts_s_s,0.16062602965403625
PH37,t-shirts_s_s_lic,0.16326530612244897
PH37,trousers,0.14814814814814814
PH37,trousers_knitted,0.10101010101010101
PH38,coats,0.047619047619047616
PH38,jackets,0.02564102564102564
PH38,jeans_jacket,0.1111111111111111
PH38,jeans_shorts,0.1164021164021164
PH38,jeans_trousers,0.23809523809523808
PH38,jogging_tops,0.18022328548644337
PH38,outer_jackets,0.10740740740740741
PH38,polar_fleecy,0.3333333333333333
PH38,polos,0.10344827586206896
PH38,shirts_l_s,0.08839779005524862
PH38,shirts_s_s,0.16993464052287582
PH38,shorts,0.055248618784530384
PH38,shorts_knitted,0.14814814814814814
PH38,sweaters,0.05555555555555555
PH38,t-shirts_l_s,0.06666666666666667
PH38,t-shirts_s_s,0.21013412816691504
PH38,t-shirts_s_s_lic,0.33070866141732286
PH38,trousers,0.19607843137254902
PH38,trousers_knitted,0.1968503937007874
PH39,jackets,0.3333333333333333
PH39,jeans_shorts,0.4157303370786517
PH39,jeans_trousers,0.5764705882352941
PH39,jogging_tops,0.48936170212765956
PH39,outer_jackets,0.45454545454545453
PH39,polos,0.4166666666666667
PH39,shirts_l_s,0.45614035087719296
PH39,shirts_s_s,0.4605263157894737
PH39,shorts,0.39436619718309857
PH39,shorts_knitted,0.41935483870967744
PH39,t-shirts_l_s,0.4444444444444444
PH39,t-shirts_s_s,0.568445475638051
PH39,t-shirts_s_s_lic,0.6266666666666667
PH39,trousers,0.6
PH39,trousers_knitted,0.5
PH40,jeans_shorts,0.5
PH40,jeans_trousers,0.2549019607843137
PH40,jogging_tops,0.24324324324324326
PH40,outer_jackets,0.18518518518518517
PH40,polos,0.23255813953488372
PH40,shirts_l_s,0.09615384615384616
PH40,shirts_s_s,0.5416666666666666
PH40,shorts,0.375
PH40,shorts_knitted,0.2786885245901639
PH40,t-shirts_l_s,0.4444444444444444
PH40,t-shirts_s_s,0.4305555555555556
PH40,t-shirts_s_s_lic,0.6666666666666666
PH40,trousers,0.5161290322580645
PH40,trousers_knitted,0.8888888888888888
